{"cameraMode":{"drawMode":0,"name":"Shaded","section":"Shading Mode"},"sceneLighting":true,"audioPlay":false,"sceneViewState":{"m_AlwaysRefresh":false,"showFog":true,"showSkybox":true,"showFlares":true,"showImageEffects":true,"showParticleSystems":true,"showVisualEffectGraphs":true,"m_FxEnabled":true},"in2DMode":false,"pivot":{"x":-0.00924333930015564,"y":-2.5902793407440187,"z":0.33195173740386965},"rotation":{"x":-0.14519499242305757,"y":-0.03650271147489548,"z":0.005360696464776993,"w":-0.9887183904647827},"size":0.9771531820297241,"orthographic":false}